{"cameraMode":{"drawMode":0,"name":"Shaded","section":"Shading Mode"},"sceneLighting":false,"audioPlay":false,"sceneViewState":{"m_AlwaysRefresh":false,"showFog":true,"showSkybox":false,"showFlares":true,"showImageEffects":true,"showParticleSystems":true,"showVisualEffectGraphs":true,"m_FxEnabled":true},"in2DMode":false,"pivot":{"x":62.2897834777832,"y":-24.71059799194336,"z":-34.534603118896487},"rotation":{"x":0.451068252325058,"y":0.010974129661917687,"z":0.005546607542783022,"w":-0.8924054503440857},"size":0.0027486325707286598,"orthographic":true}