{"cameraMode":{"drawMode":0,"name":"Shaded","section":"Shading Mode"},"sceneLighting":true,"audioPlay":false,"sceneViewState":{"m_AlwaysRefresh":false,"showFog":true,"showSkybox":true,"showFlares":true,"showImageEffects":true,"showParticleSystems":true,"showVisualEffectGraphs":true,"m_FxEnabled":true},"in2DMode":false,"pivot":{"x":-4.217543601989746,"y":12.641382217407227,"z":3.978607177734375},"rotation":{"x":0.18779230117797852,"y":-0.029461363330483438,"z":0.005635459907352924,"w":0.9817507266998291},"size":35.79920196533203,"orthographic":false}